gobi manchurian,5.0
rock candy,5.0
shish kabob,5.0
pea puree,5.0
lardo,5.0
chick fil a,5.0
lentil soup,5.0
zongzi,5.0
ritz carlton,5.0
profiterole,5.0
mexico city,5.0
truffle roasted,5.0
lamian,5.0
mexican flag,5.0
grand canal,5.0
humble pie,5.0
ghari,5.0
short rib tacos,5.0
red bull,5.0
lamb tender,5.0
sopa,5.0
chickpeas,5.0
brown butter,5.0
bone in ribeye,5.0
pappardelle,5.0
middle eastern,5.0
bolognese sauce,5.0
chicken garlic,5.0
capers,5.0
frank sinatra,5.0
lactose intolerant,5.0
bruschetta,5.0
lasagne,5.0
amuse bouche,5.0
pale ale,5.0
granita,5.0
sports game,5.0
yogurt dip,5.0
free range,4.75
apache junction,4.75
grilled lamb,4.75
braised abalone,4.666666666666667
strudel,4.666666666666667
samosa,4.666666666666667
momo,4.666666666666667
grilled tomato,4.666666666666667
absolutely fabulous,4.6
panna cotta,4.571428571428571
sauvignon blanc,4.5
shiro,4.5
butternut squash,4.5
frou frou,4.5
game hen,4.5
prosecco,4.5
thai cuisine,4.5
chicken fried steak,4.5
powdered sugar,4.444444444444445
cotton candy,4.428571428571429
pesto,4.416666666666667
freshly squeezed,4.4
duck confit,4.4
fennel,4.4
blue cheese,4.4
key lime pie,4.4
deep fried fish,4.4
root beer,4.4
condensed milk,4.394736842105263
cantonese cuisine,4.379310344827586
beef carpaccio,4.375
shaved ice,4.368
low carb,4.363636363636363
and a lemon,4.333333333333333
butter chicken,4.333333333333333
potato salad,4.333333333333333
neo tokyo,4.324324324324325
red velvet cake,4.3
buffalo wings,4.285714285714286
desert inn,4.285714285714286
queen creek,4.2727272727272725
ribeye,4.254901960784314
cherry blossom,4.25
cream pie,4.25
classic rock,4.25
shangri la,4.25
vanilla ice,4.25
crispy kau,4.25
roti canai,4.245614035087719
vanilla ice cream,4.235294117647059
bobo brazil,4.23404255319149
sea salt,4.233333333333333
oolong tea,4.2272727272727275
bone marrow,4.222222222222222
truffle,4.213333333333333
bitter melon,4.205128205128205
bow tie,4.2
grilled vegetables,4.2
eggs benedict,4.2
passion fruit,4.2
finger food,4.2
cottage cheese,4.2
kabobs,4.181818181818182
great taste,4.18
provolone,4.166666666666667
foie gras,4.159090909090909
red bean soup,4.153846153846154
grilled octopus,4.142857142857143
fondue,4.142857142857143
kabob,4.142857142857143
clay pots,4.142857142857143
fruit salad,4.142857142857143
food truck,4.133333333333334
pulled pork,4.125
shrimp soup,4.125
lotus root,4.111111111111111
chocolate chip,4.1
jerk fried rice and black,4.1
yui shan,4.1
roti,4.092307692307692
sea bass,4.085790884718499
whipped cream,4.076923076923077
mozzarella,4.071428571428571
kobe beef,4.068627450980392
red snapper,4.066666666666666
beef tenderloin,4.066666666666666
bachelorette party,4.0588235294117645
key lime,4.0588235294117645
date night,4.052631578947368
ravioli,4.037037037037037
chinese sausage,4.037037037037037
sushi samba,4.036082474226804
filet mignon,4.032258064516129
sunday brunch,4.027027027027027
twice cooked pork,4.0212765957446805
strawberries,4.017543859649122
pork belly,4.012437810945274
black beans,4.011764705882353
milk chocolate,4.0
ice cream sandwich,4.0
lobster bisque,4.0
white bread,4.0
baba,4.0
garlic dip,4.0
south india,4.0
indian cuisine,4.0
french bread,4.0
grand marnier,4.0
clam sauce,4.0
carbonara,4.0
caramelized onions,4.0
rigatoni,4.0
caprese,4.0
malga,4.0
basmati rice,4.0
and pickles,4.0
chocolate syrup,4.0
puri,4.0
ossobuco,4.0
bay leaves,4.0
spinach salad,4.0
dried fruit,4.0
soy egg,4.0
crispy kau chee,4.0
rice chicken,4.0
rosetta,4.0
strawberry shortcake,4.0
south asian,4.0
carne asada tacos,4.0
white chocolate,4.0
lentils,4.0
goulash,4.0
swap meet,4.0
sea scallops,4.0
graham cracker,4.0
chili powder,4.0
trotte,4.0
white mushrooms,4.0
house music,4.0
home fries,4.0
swordfish,4.0
porcini mushrooms,4.0
tater tots,4.0
business casual,4.0
olive oil,4.0
fish fry,4.0
sauerkraut,4.0
patra,4.0
guotie,4.0
south indian,4.0
tomatoes and onions,4.0
guanciale,4.0
polenta,4.0
great white,4.0
beans and rice,4.0
lamb rice,4.0
bread crumbs,4.0
eggplants,4.0
steak and chicken,4.0
ciabatta,4.0
sea urchin,4.0
carrot cake,4.0
love happy,4.0
halo halo,4.0
gnocchi,4.0
salisbury steak,4.0
puffed rice,4.0
tea egg,4.0
chicken fajitas,4.0
flip flops,4.0
cantonese restaurant,4.0
wild rice,4.0
yui shan chicken,4.0
family owned business,4.0
peking duck,3.985074626865672
light rail,3.9655172413793105
red onion,3.962962962962963
mint,3.9609375
gluten free,3.957894736842105
short rib,3.9572192513368982
malaysian cuisine,3.9523809523809526
home run,3.95
linguine,3.9473684210526314
pork blood,3.9411764705882355
sun prairie,3.9375
fresh air,3.933333333333333
gelato,3.9285714285714284
coconut milk,3.923076923076923
filet,3.920245398773006
chocolate mousse,3.92
regular noodles,3.9166666666666665
poached egg,3.9166666666666665
basil,3.9148936170212765
dried shrimp,3.9130434782608696
jade chicken,3.91044776119403
pork and veggies,3.909090909090909
pork chops,3.9063829787234043
chocolate cake,3.9038461538461537
fish ball,3.903225806451613
sweet potato,3.9014084507042255
tom yum,3.9012345679012346
flat bread,3.9
sour cream,3.9
beef tongue,3.896551724137931
spring training,3.888888888888889
lamb,3.882640586797066
dumplings the,3.88
khar,3.875
tuna tartare,3.875
skirt steak,3.875
carne asada,3.875
asparagus,3.875
cave creek,3.875
xo sauce,3.8677685950413223
black bean,3.8589540412044374
mgm grand,3.857142857142857
with black bean sauce,3.857142857142857
fettuccine,3.857142857142857
movie theater,3.857142857142857
comfort food,3.8563218390804597
sticky rice,3.8547008547008548
green bean,3.853012048192771
mai tai,3.8518518518518516
rice cake,3.8508771929824563
winter melon,3.85
napa cabbage,3.849056603773585
jasmine tea,3.8472222222222223
the fried rice and the,3.8461538461538463
dungeness crab,3.84
green tea,3.84
beans,3.8381782945736433
clam chowder,3.8333333333333335
spicy salsa,3.8333333333333335
lemon juice,3.8333333333333335
rice pudding,3.8333333333333335
ginger beef,3.8333333333333335
cucumber,3.8293963254593177
burrito,3.825242718446602
pork chop,3.824940047961631
hot pot,3.814917127071823
fountain hills,3.814814814814815
green beans,3.814207650273224
salt and pepper,3.81404174573055
dipping sauce,3.806547619047619
spinach,3.8011049723756907
hot chocolate,3.8
garden salad,3.8
corn dog,3.8
hot n sour soup,3.8
youtiao,3.8
pinni,3.8
sweet pea,3.8
mu shu,3.796875
strip mall,3.7879464285714284
garlic,3.786824574389341
squid,3.7866666666666666
creme brulee,3.7777777777777777
self service,3.7777777777777777
white wine,3.7777777777777777
the stir fry,3.7755102040816326
menta,3.7752161383285303
acqui,3.775
chinese cuisine,3.774703557312253
garlic sauce,3.773770491803279
hong kong,3.772189349112426
honey walnut,3.7715355805243447
vermicelli,3.7705882352941176
small salad,3.769230769230769
star anise,3.769230769230769
chile,3.765957446808511
chinese noodles,3.76
ice cream,3.758835758835759
banana leaf,3.75
king crab,3.75
goat cheese,3.75
arnold palmer,3.75
smoked ham,3.75
pickles,3.75
cauliflower,3.75
canadian bacon,3.75
chocolate glaze,3.75
lasagna,3.75
salad dressing,3.75
honey,3.7487373737373737
asian cuisine,3.7394957983193278
monterey park,3.736842105263158
creme brule,3.7333333333333334
pici,3.730769230769231
black pepper,3.727699530516432
bloody mary,3.727272727272727
roast beef,3.727272727272727
los angeles,3.725806451612903
refried beans,3.721311475409836
braised pork,3.719298245614035
cirque du soleil,3.7142857142857144
arugula,3.7142857142857144
cuttlefish,3.7142857142857144
sugar cane,3.7142857142857144
naan,3.7142857142857144
chinese chicken salad,3.7083333333333335
potatoes,3.7083333333333335
chicken wings,3.7072538860103625
chili pepper,3.705263157894737
stir fried,3.703056768558952
sushi rolls,3.7005649717514126
san francisco,3.69921875
lobster,3.6971153846153846
chili sauce,3.6964980544747084
beef chow fun,3.695970695970696
goose,3.6956521739130435
bok choy,3.6953125
fine dining restaurant,3.6923076923076925
fried egg,3.690909090909091
bra,3.6887232059645854
bacon,3.688311688311688
long island,3.6875
century egg,3.6875
frog legs,3.6792452830188678
pork chop rice,3.6785714285714284
rice noodles,3.675
red peppers,3.675
mushrooms,3.6715686274509802
mushroom,3.670899470899471
asti,3.6677524429967425
mac and cheese,3.6666666666666665
mad men,3.6666666666666665
ground beef,3.6666666666666665
tiramisu,3.6666666666666665
chorizo,3.6666666666666665
green salad,3.6666666666666665
valet parking,3.6666666666666665
chicken breasts,3.6666666666666665
caesar salad,3.6666666666666665
tortilla chips,3.6666666666666665
las vegas strip,3.6666666666666665
inferno,3.6666666666666665
red chili,3.6625
bay area,3.6614583333333335
margaritas,3.659090909090909
mussels,3.6578947368421053
chinese american,3.657142857142857
beef,3.6568283343969368
mongolian beef,3.6522108843537415
sin city,3.652173913043478
congee,3.6517857142857144
green onions,3.6483516483516483
street food,3.6470588235294117
the mongolian beef and the,3.6470588235294117
sweet corn,3.642857142857143
pork,3.637991436356559
peanut sauce,3.637037037037037
pepper steak,3.6354166666666665
dumplings,3.6341749853200236
food allergies,3.6333333333333333
great wall,3.6315789473684212
lemon,3.6304654442877293
lazy susan,3.6285714285714286
chicken rice,3.6263736263736264
green onion,3.6256281407035176
punch card,3.625
rush hour,3.619047619047619
calamari,3.618811881188119
bubble tea,3.6176470588235294
gold coast,3.6171875
chicken fried,3.616751269035533
guilty pleasure,3.6129032258064515
hoisin sauce,3.6129032258064515
thai curry,3.611111111111111
spring roll,3.611111111111111
sweet soy,3.611111111111111
rice noodle,3.610204081632653
hard rock,3.608695652173913
noodle soup,3.6079869600651997
bean curd,3.6052631578947367
chinese food,3.6014074341393
deer valley,3.6
fruits,3.6
melted cheese,3.6
brussels sprout,3.6
white pepper,3.6
pork loin,3.6
iced tea,3.597902097902098
stir fry,3.5964285714285715
wonton,3.5947089947089945
brown rice,3.5942028985507246
wonton soup,3.5942028985507246
shrimp,3.5940615058324497
spare ribs,3.5911330049261085
tripe,3.590909090909091
seafood,3.5904558404558404
corn tortilla,3.588235294117647
orange chicken,3.58367829686576
mashed potato,3.5833333333333335
penda,3.5833333333333335
mexican cuisine,3.5789473684210527
mashed potatoes,3.5757575757575757
anchovies,3.5714285714285716
mahi mahi,3.5714285714285716
pastor,3.5714285714285716
the dimsum,3.5714285714285716
frida kahlo,3.5714285714285716
oyster sauce,3.567901234567901
pere,3.566666666666667
kung pao chicken,3.565950920245399
red wine,3.5652173913043477
food critic,3.5625
duck sauce,3.5606060606060606
pita,3.5592105263157894
white sauce,3.5588235294117645
of garlic,3.5584415584415585
sweet and sour pork,3.5572519083969465
more frequently,3.5555555555555554
lazy sunday,3.5555555555555554
boba milk,3.5555555555555554
golden nugget,3.5555555555555554
mu shu pork,3.5531914893617023
oca,3.551194968553459
chicken,3.548314808174973
sesame seed,3.5454545454545454
cookie,3.545201668984701
egg foo young,3.543307086614173
shrimp paste,3.5428571428571427
deep fried shrimp,3.5416666666666665
dal,3.5413416536661466
southern california,3.5384615384615383
hot and sour soup,3.536969696969697
lamb chops,3.533333333333333
hainanese chicken rice,3.533333333333333
steak,3.5296950240770464
lobster tail,3.5294117647058822
fried rice,3.5291375291375293
mapo tofu,3.5280898876404496
sage,3.5258964143426295
planet hollywood,3.5254237288135593
rice,3.5209761096522127
char siu,3.52
pork ribs,3.5128205128205128
octopus,3.5090909090909093
green pepper,3.5054945054945055
salmon,3.5050847457627117
onion,3.5041171088746568
wonton strips,3.5
upma,3.5
kebab,3.5
potato chips,3.5
health food,3.5
breadsticks,3.5
mantou,3.5
smoked salmon,3.5
golden corral,3.5
santa monica,3.5
fried fish,3.5
baozi,3.5
ricotta,3.5
high roller,3.5
peter piper,3.5
big night,3.5
mascarpone,3.5
pinot noir,3.5
salami,3.5
spanish rice,3.5
the chicken skewer,3.5
taco has,3.5
dandan noodles,3.5
tomato soup,3.5
art deco,3.5
cream dessert,3.5
bari,3.5
sesame chicken,3.498148148148148
main course,3.4952830188679247
fried chicken,3.4926108374384235
nuts,3.489891135303266
chicken skewer,3.488372093023256
dim sum,3.486395981582252
jasmine rice,3.4857142857142858
tsao's chicken,3.484848484848485
asino,3.4837092731829573
broccoli,3.4832116788321166
hash browns,3.48
the orange chicken,3.4781456953642382
chop suey,3.477272727272727
red rice,3.4761904761904763
prix fixe,3.4761904761904763
lo mein,3.473417721518987
apples,3.4705882352941178
won ton,3.4695945945945947
deep fried,3.469525959367946
sandwich,3.469255663430421
americanized chinese food,3.468208092485549
meat,3.465496728138013
cheese,3.463709677419355
general tso's chicken,3.463022508038585
shopping mall,3.4615384615384617
style dim,3.4615384615384617
san francisco bay,3.4545454545454546
al pastor,3.4444444444444446
coca cola,3.4444444444444446
the gai lan,3.4444444444444446
fried dough,3.4444444444444446
casa grande,3.4444444444444446
mixed drink,3.4444444444444446
zucchini,3.4444444444444446
sardine,3.4444444444444446
sausages,3.4444444444444446
egg roll,3.4400204185809087
dive bar,3.44
soy milk,3.436619718309859
miso soup,3.4358974358974357
beef broccoli,3.4347826086956523
pepperoni,3.4285714285714284
san gabriel valley,3.4285714285714284
carne,3.4285714285714284
japanese food,3.4262295081967213
sesame oil,3.425925925925926
peas,3.425396825396825
vada,3.4210526315789473
pf chang,3.4192200557103063
sesame seeds,3.4166666666666665
litti,3.413793103448276
peanut butter,3.411764705882353
egg white,3.4047619047619047
wonton noodle,3.4045454545454548
meat tender,3.4
risotto,3.4
timo,3.4
junk food,3.4
soda fountain,3.392857142857143
riso,3.3922651933701657
fast food,3.3911042944785277
chow mein,3.390721649484536
asian american,3.3846153846153846
meatball,3.380952380952381
dimsum,3.378531073446328
soft drinks,3.3783783783783785
lard,3.375
birthday girl,3.375
almond chicken,3.375
salad bar,3.3698630136986303
salt,3.3648103309120256
flank steak,3.3636363636363638
parsley,3.3636363636363638
duck soup,3.3636363636363638
brown sauce,3.357541899441341
bell peppers,3.355769230769231
pasta,3.3513513513513513
standard chinese,3.3454545454545452
chinese buffet,3.3442622950819674
bell pepper,3.3431952662721893
shark fin,3.3424657534246576
cashew chicken,3.337962962962963
heart attack,3.3333333333333335
hard boiled egg,3.3333333333333335
kitchen sink,3.3333333333333335
tomato sauce,3.3333333333333335
circus circus,3.3333333333333335
buddha's delight,3.3333333333333335
flautas,3.3333333333333335
bachelor party,3.3333333333333335
tin foil,3.3333333333333335
soft drink,3.3275862068965516
cream cheese,3.3184713375796178
ada,3.3140243902439024
rice paper,3.3125
french toast,3.3125
shark fin soup,3.303030303030303
lo mien,3.3015873015873014
cast iron,3.3
prime rib,3.2962962962962963
san gabriel,3.2941176470588234
glutinous rice,3.2857142857142856
dim sim,3.2857142857142856
red pepper,3.2823529411764705
mixed vegetable,3.28
credit cards,3.276923076923077
macaroni,3.2666666666666666
sweet and sour sauce,3.265765765765766
mele,3.2653061224489797
chicken soup,3.2615384615384615
salsa,3.260869565217391
general chicken,3.26027397260274
fish tank,3.2580645161290325
mexican food,3.2536585365853656
assembly line,3.25
egg yolk,3.25
fast casual,3.25
vindaloo,3.25
idli,3.25
diet coke,3.2444444444444445
elba,3.242424242424242
white rice,3.2409638554216866
california roll,3.239130434782609
french fries,3.234042553191489
chinese culture,3.227272727272727
language barrier,3.225225225225225
home depot,3.2222222222222223
buffet,3.2220676866017617
hot sauce,3.2191011235955056
identity crisis,3.2142857142857144
orange county,3.212121212121212
steamed rice,3.2093023255813953
oregano,3.2
diners drive ins and dives,3.2
in n out,3.2
waiting staff,3.2
hip hop,3.2
hot plate,3.1875
new york style chinese,3.1875
pizza,3.1828793774319064
won ton and,3.1818181818181817
celebrity chef,3.1818181818181817
fish sauce,3.1818181818181817
food chain,3.1739130434782608
carnitas tacos,3.1724137931034484
fortune cookie,3.170886075949367
half chicken,3.1666666666666665
cheddar cheese,3.1666666666666665
blood orange,3.1666666666666665
hockey puck,3.1666666666666665
monday night,3.163265306122449
beef rice,3.161290322580645
downtown phoenix,3.1481481481481484
tuna,3.1471544715447153
guacamole,3.130841121495327
pears,3.119047619047619
fast food chain,3.111111111111111
chen wok,3.1052631578947367
lake mead,3.1
dried,3.0838709677419356
gur,3.077151335311573
toma,3.0639269406392695
soy sauce,3.0560224089635852
air conditioning,3.0454545454545454
scrambled eggs,3.04
onion rings,3.037037037037037
chips and salsa,3.018181818181818
pot roast,3.0
xiaolongbao,3.0
italian sausage,3.0
cool spot,3.0
fine print,3.0
olive tapenade,3.0
falafel,3.0
god forbid,3.0
mole chicken,3.0
water feature,3.0
designated driver,3.0
kick ass,3.0
pine nuts,3.0
mint tea,3.0
black rice,3.0
calzone,3.0
cheese pie,3.0
stir frying,3.0
emeril lagasse,3.0
corned beef,3.0
gavi,3.0
panino,3.0
the beef rice,3.0
amarone,3.0
wedding cake,3.0
frutti,3.0
biryani,3.0
middle east,3.0
march madness,3.0
couscous,3.0
bridal shower,3.0
white trash,3.0
bread pudding,3.0
molecular gastronomy,3.0
paradise valley,3.0
greek food,3.0
cong you bing,3.0
kool aid,3.0
wine cooler,3.0
marinara sauce,3.0
angel wings,3.0
chicken kabob,3.0
chick peas,3.0
mexican street tacos,3.0
mexican american,3.0
dress code,3.0
alba,2.9411764705882355
monte carlo,2.94
panda express,2.930944055944056
pizza hut,2.9285714285714284
enchilada,2.9285714285714284
apple pie,2.923076923076923
soft serve,2.914285714285714
security guard,2.909090909090909
enchiladas,2.9
cash register,2.8958333333333335
camaron,2.888888888888889
snails,2.875
potato chip,2.875
christmas eve,2.8518518518518516
guy fieri,2.8461538461538463
parmesan,2.8333333333333335
sun city,2.8333333333333335
rocket,2.8333333333333335
hot dogs,2.8333333333333335
united states,2.8333333333333335
spaghetti,2.830769230769231
tap water,2.8275862068965516
baked potato,2.8181818181818183
mole sauce,2.8181818181818183
olive garden,2.8125
alici,2.8
die hard,2.8
olives,2.7777777777777777
olive,2.7560975609756095
corn starch,2.7560975609756095
credit card,2.7554585152838427
stained glass,2.75
jiaozi,2.75
veal,2.75
the refried beans,2.75
food court,2.7445255474452557
bottled water,2.7333333333333334
mandalay bay,2.731707317073171
hot dog,2.6842105263157894
balsamic vinegar,2.6666666666666665
pita jungle,2.6666666666666665
gazpacho,2.6666666666666665
coconut chicken,2.652173913043478
cheesecake factory,2.6470588235294117
iceberg lettuce,2.64
double check,2.6206896551724137
service oriented,2.6
ginger ale,2.6
penne,2.5555555555555554
taco bell,2.517857142857143
van buren,2.5
slow food,2.5
sweet roll,2.5
english muffin,2.5
bowl of salsa,2.5
super bowl,2.5
california pizza kitchen,2.5
cornish hen,2.5
pita bread,2.5
shaobing,2.5
gordon ramsay,2.5
rosemary,2.5
rock hard,2.466666666666667
tourist trap,2.3333333333333335
growing pains,2.3333333333333335
steak medium,2.3333333333333335
debit card,2.260869565217391
saving grace,2.0392156862745097
thyme,2.0
wine tasting,2.0
romaine lettuce,2.0
huevos rancheros,2.0
their garlic sauce,2.0
lamb shank,2.0
chef boyardee,2.0
thai chinese,2.0
del taco,2.0
frozen food,1.9473684210526316
customer experience,1.8
speck,1.75
wolfgang puck,1.75
small tacos,1.75
el pollo loco,1.5
peda,1.5
food poisoning,1.4710743801652892
american cheese,1.0
white cut chicken,1.0
baby food,1.0
sierra nevada,1.0
pound cake,1.0
kanji,1.0
sammy hagar,1.0
veggie burger,1.0
barfi,1.0
bisi bele bath,0
margherita pizza,0
carbonara spaghetti,0
olive green,0
pani puri,0
amatriciana,0
abbacchio brodettato,0
cannelloni,0
kabob beef,0
shankarpali,0
samose,0
machher jhol,0
tonno sott'olio,0
rat pack,0
moroccan tea,0
meat gyro,0
horioh maas,0
aloo ki tikki,0
la scala,0
stigghiola,0
sour cream and guacamole,0
keerai sadam,0
nandu omelette,0
keerai poriyal,0
the indian sampler,0
curried braised rabbit stew,0
marzolino,0
botargo,0
gatta curry,0
chitranna,0
fragole,0
kesar petha,0
trofie al sugo di noci,0
spaghetti alla chitarra,0
charred eggplant,0
pizza margherita,0
merguez,0
kumol sawul,0
refosco dal peduncolo rosso,0
braciole,0
of the hummus,0
aloo paratha,0
shondesh,0
risotto ai gamberoni,0
masala puri,0
pub crawl,0
bhakri,0
tandoori chicken,0
filetti di baccal√,0
panipuri,0
cake chocolate,0
leaves stuffed,0
feta fries,0
kulcha,0
seppioline in umido,0
valle di arbia,0
calamaretti fritti,0
dudhi no halwo,0
ricotta affumicata,0
neer dosa,0
falafel pita,0
moroccan pastry,0
thengai sadam,0
baccala,0
bharwein karela,0
risotto con la l√ºganega,0
cipolla,0
acquadella o latterino fritto,0
ghever,0
dum aloo,0
olive spread,0
litti chokha,0
methi saag,0
tartare tuna,0
grancevola alla veneziana,0
sarde a beccafico,0
montasio,0
formadi fr√¢nt e formadi salat,0
bharwaan baigan,0
gobhi paratha,0
ravioli butternut,0
bajri no rotlo,0
latteria,0
tumazzu,0
jose cuervo,0
biga,0
gattinara,0
salad feta,0
risotto allo zafferano con petto danatra,0
piacentinu,0
taj mahal,0
anguilla marinata,0
violino valtell,0
pizza romana,0
basil butter,0
asiago,0
funghi,0
khichdi,0
mutton biryani,0
copra paak,0
sev mamra,0
great dane,0
greek yogurt labneh,0
dean martin,0
cash money,0
rasmalai,0
ros omelette,0
rice koobideh,0
chapathi,0
kabob lula,0
acciughe fritte in pastella,0
slattato,0
baccal√† alla vicentina,0
canestrato pugliese,0
bajji,0
coda alla vaccinara,0
biscotti,0
mushroom matar,0
tortilla flat,0
agghiotta di lumache,0
the chicken kabob was,0
dosa,0
beef ground,0
rigatoni al forno con salsa aurora,0
sciusceddu,0
tagliatelle ai carciofi,0
malloreddus,0
katha meetha petha,0
pakhala,0
spaghetti all' aglio,0
mathura ke pede,0
poriyal,0
ai frutti di mare,0
monte veronese,0
pest√¢t,0
primo sale,0
benne dosa,0
strucoli or strudel,0
moddizzosu,0
spumante brut,0
vadai,0
pizza ai quattro formaggi,0
strozzapreti,0
tahini spread,0
dabeli,0
glazed chicken lavosh pizza,0
sauce garlic,0
michetta,0
tazzelenghe,0
tandoor bread,0
hospitality industry,0
rose water,0
chhenagaja,0
punugulu,0
bucatini,0
kaara kozhambu,0
patate e cozze,0
kori rotti,0
rice meat,0
hummus pita,0
caciocavallo,0
bonda,0
carema riserva,0
table wine,0
peperoni,0
chongqing specify deep-fried chicken,0
fusilli,0
tiramis√π,0
alambre,0
cevapcici,0
bhelpuri,0
calamari in zimino,0
gyro greek,0
pane carasau,0
pinzimonio,0
carpaccio beef,0
sardele in saor,0
el paso,0
tortelloni alla zucca,0
south indian cuisine,0
cassata siciliana,0
kuzhakkattai,0
basundi,0
colli etruria centrale,0
testarolo,0
dum aaloo,0
goulash or gulash,0
double ka meetha,0
melanzane,0
rajma,0
namkeen,0
risotto with saffron,0
nipozzano,0
vezione verro,0
baccala fritto,0
papri chaat,0
pane di genzano,0
pattor,0
prosciutto crudo,0
sarde con origano e pane,0
risotto al cavolfiore,0
gubana,0
basil onion,0
malpua,0
koottu,0
montalcino,0
air-dried salted beef,0
wheat upma,0
olives tapenade,0
lilva kachori,0
basilico,0
tzatziki sauce,0
sformato al basilico,0
cappellini,0
bagna cauda,0
carciofi,0
vegetable jalfrezi,0
zoes feta,0
extra virgin olive oil,0
carpaccio polenta,0
paneer butter masala,0
agghiotta di pesce spada,0
scampi lentil,0
torta caprese,0
sabudana khichadi,0
tiella di riso, patate e cozze,0
wine bottle,0
pizza quattro formaggi,0
spinaci,0
fruit preserves made with vinegar,0
cacciatore,0
eliche,0
rongi,0
pizza quattro stagioni,0
tagliatelle al pomodoro,0
alici marinate,0
chaat,0
chili parotha,0
missultin e polenta,0
karela bharta,0
muffuletta,0
mishti chholar dal,0
tomatoes onions,0
torgiano,0
formai de mut dellalta valle brembana,0
poha,0
mushroom do pyaza,0
chiacchiere,0
sev khamani,0
paneer tikka,0
stracchino,0
ricotta rifatta,0
hummus dip,0
konir dom,0
strangozzi,0
parmigiano reggiano,0
dulce de leche shake,0
pizza with mushroom and sausage,0
casu modde,0
perciatelli,0
gheela pitha,0
mother india,0
truffle cheese,0
truffle mashed,0
cappelletti,0
castelmagno,0
biscuit tortoni,0
oltrep√≤ pavese,0
insalata caprese,0
sarson da saag,0
solopaca,0
falafel hummus,0
murena fritta,0
puli sadam,0
ragi mudhe,0
penne all arrabbiata,0
agliata,0
pea pureesweet,0
fried small mozzarellas,0
medicine man,0
chole bhatura,0
emmer,0
pizza siciliana,0
butternut tortelli,0
soppressata,0
formadi fr√¢nt e formadi sal√¢t,0
sardine marinate,0
baba ganoush,0
barolo,0
ennai kathirikkai,0
ponganalu,0
baccal√,0
trofie,0
calamintha nepeta,0
val di cornia,0
akki rotti,0
salted cod,0
the chicken shawarma,0
bardolino,0
piselli,0
molasses bbq,0
moroccan couscous,0
gavvalu,0
braised pork shoulder,0
sarde grigliate,0
varuval,0
goja,0
bucatini all'amatriciana,0
mozzarella and onions,0
cable car,0
herbed feta dip,0
rice basmati,0
bolgheri,0
pane di altamura,0
pindi chana,0
strascinati,0
pasta al pesto,0
capicollo,0
prezzemolo,0
service stars,0
negroamaro,0
asparagi,0
juvar no rotlo,0
pav bhaji,0
chicory,0
aappam,0
focaccia,0
paglia e fieno,0
paccheri,0
struffoli,0
bilahi maas,0
filet koobideh,0
steak tartare,0
minestra di ceci,0
hummus plate,0
grumello,0
marille,0
bresaola,0
azteca soup,0
sakkara pongal,0
involtini di pesce,0
undhiyu,0
risotto alla marinara,0
currivepillai sadam,0
chikkolee,0
scallops sea,0
dobos of trieste,0
italian margarita,0
makka poha,0
asparagi bianchi e verdi,0
puzzone di moena,0
mortadella,0
lacryma cristi,0
tzatziki,0
culatello,0
acqua pazza,0
casecc,0
paratha,0
mirchi bajji,0
kesari,0
appam,0
tagliatelle ai funghi,0
tagliarini,0
payasam,0
fettucine alfredo,0
monte re,0
cotechino friulano or muset,0
crop circle,0
hors d'oeuvres,0
saffron rice,0
cannelloni ai carciofi,0
tortano,0
green chile sauce,0
anguilla,0
buccellato,0
fragguno,0
tikona,0
amritsari fish,0
strolghino,0
ziti,0
the polenta,0
french bean aloo,0
bread tapenade,0
lenticchie,0
crab beignets,0
pakwan,0
tenga doi,0
wheat pita,0
risotto allo zafferano con petto d'anatra,0
pathiri,0
salad lettuce,0
luchi,0
nebbiolo,0
puran poli,0
riso tonnato,0
chingri malai curry,0
prosciutto affumicato,0
tapenade bread,0
falerno del massico,0
mysore pak,0
rye bread,0
trebbiano,0
mus√®t,0
dolma,0
sugo al pomodoro,0
bhatoora,0
friulano,0
montepulciano d'abruzzo,0
olives carpaccio,0
dal makhani,0
mason jar,0
chimichanga,0
aloo matar,0
pesce spada,0
risotto di seppie alla veneziana,0
prosciutto flat,0
spaghetti al nero di seppia,0
la bamba,0
orvieto,0
speck friulano,0
pepata di cozze,0
prickly pear,0
prosciutto di parma,0
gajar matar aloo,0
crespelle,0
rasya muthia,0
trenette,0
campi flegrei,0
mooncake,0
mentuccia,0
eggplant dip,0
jalebi,0
home made chips,0
prosciutto cotto,0
koshambri,0
boreto alla graisana,0
risotto indivia e fiori di zucca,0
octopus chickpeas,0
rosso di montefalco,0
banana chips,0
peperonata,0
kos kootu,0
big star,0
gajar halwo,0
minestra di fagioli,0
la favorita,0
the chicken shawarma and,0
mediterranean cuisine,0
middle eastern cuisine,0
ricotta salata,0
jeera aloo,0
fagioli,0
sunga pork,0
sooji halwa,0
puri bhaji,0
new york style pizza,0
schiopettino,0
olive and anchovy,0
lemon basil shrimp and pasta,0
pane rustico,0
maltagliati,0
khakhra,0
bora sawul,0
tacos al pastor,0
italian cuisine,0
tom colicchio,0
aloo baingan,0
stella artois,0
amritsari kulcha,0
linguine with clam sauce,0
acquadella fritta,0
cetrioli,0
fiano di avellino,0
chorafali,0
ovada,0
rosmarino,0
festoni,0
brie and apple,0
crocche,0
prosciutto e melone,0
masor petu,0
figs prosciutto,0
alloro,0
cicoria,0
pressed beef cartilage seasoned with onions,0
cookie dessert,0
bucatini coi funghi,0
ilish bhape,0
ciarduna,0
rosgulla,0
albana,0
ragu alla bolognese,0
crotonese,0
mario batali,0
half baked,0
vin santo,0
fritto misto di pesce,0
maddur vada,0
olives pita,0
triglie alla livornese,0
flatbread olives,0
tapenade green,0
risotto al gorgonzola,0
gorgonzola,0
keerai kootu,0
schiacciata,0
risotto alla sbirraglia,0
tajine,0
gila bend,0
risotto saltato,0
mangalore bajji,0
cacciucco,0
scuete fumade,0
fritata di bianchetti,0
tacconi,0
baccala alla vicentina,0
goli bajje,0
maccheroni,0
hurum,0
rag√π alla bolognese,0
grechetto,0
sunga pitha,0
risotto ai quattro sapori,0
tortelloni ricotta and spinach,0
prosciutto,0
warm pita bread,0
insalata di riso,0
tortellini,0
vitello,0
scampi a zuppetta,0
dongpo braised pork,0
doodhpak,0
ciriola,0
e fagioli,0
speck friulano di sauris,0
patatas bravas,0
bel paese,0
nasello al forno,0
olives dish,0
pinoli,0
misi roti,0
cas√®cc,0
valpolicella,0
dogfish shark,0
pignolo,0
klotznnudl,0
pita feta,0
leche shake,0
coppia ferrarese,0
speck alto adige,0
pesce spada arrosto in salmoriglio,0
sabzi,0
newport beach,0
sarde ripiene,0
bhoonja,0
rucola,0
upmaa,0
mohanthal,0
payokh,0
tagliatelle,0
bikaneri bhujia,0
grignolino,0
macedonia,0
loskora,0
tartufo,0
fruit with pastry,0
nervetti,0
anisette,0
panjeeri,0
pomodori col riso,0
marinated eel,0
four cheese pizza,0
luna rossa,0
monferrato,0
cheera doi,0
pizza delivery,0
palak paneer,0
bozza pratese,0
garganelli,0
sukhdi,0
arbi masala,0
gyros,0
pezzetti di cavallo,0
sheermal,0
trofie al pesto,0
pane pugliese,0
ajo blanco,0
crocch√®,0
tiella di riso patate e cozze,0
spaghetti con la bottarga,0
abbacchio alla cacciatora,0
burger truffle,0
greco di tufo,0
persian rice,0
fontina,0
pastiera,0
rice lamb,0
pancetta,0
pollo supremo,0
food kabobs,0
pashti,0
koldil duck,0
patate,0
kabob rice,0
squash pasta,0
rosemary and onion focaccia,0
scansano,0
buridda,0
salsiccia,0
mamma mia,0
paruppu sadam,0
ragi rotti,0
trebbiano d'abruzzo,0
pakora,0
crostui,0
ragusano,0
namakpara,0
bombil fry,0
sarva pindi,0
kheer,0
marsala,0
kati roll,0
baba ghanouj,0
vino nobile di montepulciano,0
kulfi falooda,0
peperoni imbottiti,0
baba ghanoush,0
small fruits,0
methi na gota,0
spiedini di anguilla,0
navrattan korma,0
paneer tikka masala,0
carne al piatto,0
coq au vin,0
pani pitha,0
gyro fries,0
maasor tenga,0
sangiovese,0
house made mozzarella,0
zucchine,0
pooran-poli,0
jolada rotti,0
filatieddi,0
olive tree,0
vada pav,0
casiello,0
pane toscano,0
crostoli, crostui,0
latterino fritto,0
blind pig,0
sev tameta,0
sanna,0
squash ravioli,0
batata vada,0
cut mirchi bajji,0
skee ball,0
uppittu,0
focaccia al rosmarino,0
risotto mushroom,0
giuncata,0
minestra di pasta con pesce,0
frutti di bosco,0
pizza capricciosa,0
deep dish,0
stoccafisso alla ligure,0
bread onion,0
gorgonzola pizza,0
dhebra,0
alu pitika,0
sausage ricotta,0
sakinalu,0
polpettine di mare,0
without salt,0
photo booth,0
stuffed pizza,0
chicken tikka,0
nocce,0
alici sardine anguilla marinate,0
cannelloni al ragu,0
coffee bean,0
pollo asada,0
phulka,0
squid octopus,0
kansar,0
sbroscia bolsenese,0
chapati,0
cappon magro,0
gobhi matar,0
vegetable biryani,0
florentine beefsteak,0
pongal,0
custoza,0
amti,0
snow fungus soup,0
sutarfeni,0
mishti doi,0
donna fugata,0
beer bar,0
bagna c√†uda,0
pohe,0
carnitas bowl,0
linguini with clam sauce,0
pinzillacchere,0
gajar ka halwa,0
rumali roti,0
flat breads,0
cream pistachios,0
olio e peperoncino,0
aceto dolce,0
artichokes and anchovy pizza,0
laddu,0
bengena pitika,0
kalathappam,0
aceto balsamico,0
makki di roti,0
pizza alla napoletana,0
baccal√† fritto,0
crocetta of caltanissetta,0
cozze fritte alla viareggina,0
dal fry with tadka,0
royal beef,0
sachima,0
marrubini,0
limone,0
grilled halloumi,0
octopus squid,0
colli apuani,0
acquacotta,0
englishs olives,0
khorisa,0
dessert chocolate,0
tonnarelli,0
panzanella,0
avial,0
ceci,0
cavolfiore,0
finocchio,0
chianti,0
veg kolhapuri,0
bouillabaisse,0
rajma chaval,0
feta salad,0
tagliatelle al sugo di lepre,0
lukhmi,0
butirro,0
fiore sardo,0
squacquerone,0
pizza funghi e salsiccia,0
keerai masiyal,0
lauki ki subji,0
strucchi or struki,0
spaghetti alla puttanesca,0
india gate,0
mozzarelline fritte,0
fasolada,0
spaghetti indiavolati,0
penia,0
aloo baingan masala,0
puttu,0
crostoli,0
pizzoccheri,0
wrap parsley,0
muthiya,0
beef lula,0
cotechino modena,0
khaman,0
gianduiotto and gianduia,0
naked city,0
hari mutter ka nimona,0
spiedini ai frutti di mare,0
utappam,0
trippa alla romana,0
sabudana vada,0
bigoli,0
cartoccio di pesce spada,0
orzo,0
osso buco,0
pizza oregano and garlic,0
pecorino di fossa,0
miele,0
zhajiangmian,0
sajjige,0
chicken razala,0
aloo gobi,0
khandvi,0
pizzelle,0
gulab jamun,0
kadai paneer,0
chakri,0
seppie,0
aam papad,0
tomato and mozzarella pizza,0
sardinian pasta,0
scampi gratinati,0
salsiccia cruda,0
a type of huge ravioli,0
sarde arraganate,0
ginestrata,0
torta bertolina,0
chicken tikka masala,0
carciofi alla romana,0
bhindi masala,0
baati,0
minestrone,0
ligurian pesto,0
hummus falafel,0
burger fries,0
daal puri,0
enchiladas and tacos,0
fries gyro,0
origano,0
ramatori subji,0
butternut tortellini,0
pimenton sauce,0
flatbread prosciutto,0
pollo asado,0
tikka masala,0
borlotti beans,0
pizza ai funghi e salsiccia,0
italian beef,0
mushroom risotto,0
cjarsons,0
farinata,0
obbattu,0
farfalle,0
pecorino sardo,0
stuffed grape,0
risi e bisi,0
pizza marinara,0
neapolitan pizza,0
sassella,0
falafel sandwich,0
gud papdi,0
capesante alla veneziana,0
koshimbir,0
bab√,0
dhup pitha,0
cotoletta alla petroniana,0
brodo,0
frittura mista di pesce,0
valdinievole,0
shrimp saganaki,0
los olivos,0
mount everest,0
daal baati churma,0
rocchetta,0
feta cheese,0
kharoli,0
pesaha appam,0
taurasi,0
cake boss,0
flattened rice,0
franciacorta,0
crostata,0
fra diavolo,0
sloppy joe,0
maccu,0
breads olive,0
pita falafel,0
colline lucchesi,0
risotto con scamorza e champagne,0
kothamali sadam,0
small garden fruits,0
moscardini lessati alla genovese,0
cold pizza,0
idiappam,0
anguilla marinate,0
lumache,0
tomato grilled,0
risotto al barolo,0
pizzette e salatini,0
squid chickpeas,0
mascarpone guanciale mashed potatoes,0
cannolo siciliano,0
risotto alla zucca,0
tonno,0
seppie col nero alla veneziana,0
orate al forno,0
caprino,0
lauki ke kofte,0
aloo tikki,0
brodetto di arselle,0
farro,0
kosambari,0
neccio,0
thayir sadam,0
cream based,0
bharwaan tinde,0
cucumber yogurt,0
carignano,0
mac n' cheese,0
cotechino friulano or mus√®t,0
panelle di ceci,0
zabaglione,0
bonarda,0
bhajji,0
tapenade olives,0
trottole,0
locha,0
cotechino friulano,0
yogurt cucumber,0
garmugia,0
robiola,0
mosaranna,0
laddoo,0
spaghetti all aglio olio e peperoncino,0
pista petha,0
zuppa inglese,0
bucatini alla sorrentina,0
pignolata,0
pesce al cartoccio,0
palappam,0
burrini,0
kabob ground,0
masor koni,0
crescentina,0
raschera,0
grana padano,0
panforte,0
piccoli frutti,0
greek salad,0
pesarattu,0
til pitha,0
bhatura,0
pootharekulu,0
swiss chard,0
rice kabob,0
yelumincham sadam,0
sweet pethas,0
spaghetti siracusani,0
crescenza,0
riso con i porcini,0
moussaka,0
tiella di riso,0
pitha,0
prosciutto and melon,0
halvasan,0
rogan josh,0
san daniele ham,0
agrodolce,0
watermelon panzanella,0
sattu ki roti,0
bavette,0
stracciatella,0
rava dosa,0
chole bhature,0
poornalu,0
mt everest,0
speck alto adige pgi,0
namak para,0
butter basil,0
cacioricotta,0
branzino al sale,0
ciceri e tria,0
spinach pie,0
shahi tukra,0
stelline,0
chaulai saab,0
mary sue,0
phirni,0
prawn malai curry,0
cooked ham,0
shukto,0
lambrusco,0
alain ducasse,0
papadum,0
butternut ravioli,0
aloo methi,0
sausages including salsiccia cruda,0
bhaji,0
trote,0
jersey shore,0
ou tenga maas,0
italian american,0
valcalepio,0
penne all'arrabbiata,0
riso al nero di seppia,0
riso alla toscana,0
sformato di riso dolce,0
barbera,0
the ground beef,0
pizza mozzarella and anchovy,0
el segundo,0
moong dal ka halwa,0
handwo,0
risotto con agoni,0
capperi,0
ramandolo,0
acciughe in carpione,0
bucatini all amatriciana,0
hummus,0
tagliatelle al ragu,0
pesce alla pizzaiola,0
taleggio,0
tabouli,0
seppie ripiene,0
barg koobideh,0
ribolla gialla,0
capperi and anchovy,0
gnocchi di semolino,0
langhe,0
a greek salad,0
pea mezzaluna,0
prosciutto di san daniele,0
gay bar,0
ciccillo,0
shakarpara,0
lagana,0
gutturnio,0
verdure in pinzimonio,0
porcaloca,0
piadina,0
tabor,0
maria maria,0
tommy bahama,0
marzotica,0
tagliatelle alla boscaiola,0
preserved in vinegar or,0
verduzzo friulano,0
kadhi pakoda,0
monte cristo,0
hazelnut chocolates or spread,0
acciughe,0
asparagi bianchi e verdi asparagus,0
seppie con i piselli,0
pablo picasso,0
pignoletto,0
taftan,0
lazio,0
salvia,0
stuffed calamari in tomato sauce,0
spaghetti alla carbonara,0
italian wine,0
turkish coffee,0
parotta,0
pasta butternut,0
halwakadoo,0
po boy,0
scamorza,0
bucatini coi fungh,0
hulatang,0
sambar,0
thalipeeth,0
conegliano veneto,0
uttapam,0
stoccafisso alla genovese,0
pane casareccio,0
radicchio,0
sagrantino,0
spaghetti alla carrettiera,0
anarsa,0
dahi vada,0
colli euganei,0
riso valdostano,0
sparkling wine,0
magaj,0
pita hummus,0
rice and peas,0
masala dosa,0
chicken shawerma,0
jhal-mu?i,0
pizza pugliese,0
pesce spada alla siciliana,0
saganaki,0
quartirolo,0
cilantro jalape,0
gyro meat,0
carne pizzaiola,0
orecchiette,0
calamari ripieni,0
sarde sfiziose panate,0
sicilian snail soup,0
sevai lunch,0
parrina,0
cannelloni al rag√π,0
pizza ai frutti di mare,0
soonvali,0
arancini,0
hando guri,0
olive spreads,0
ed hardy,0
malapua,0
tortiera di cozze,0
indian omelette,0
ariselu,0
sevai,0
carne asada taco's,0
bistecca alla fiorentina,0
pita fries,0
pumpkin cake,0
dahi puri,0
asida,0
spiedini di alici,0
grine sauce,0
crostini,0
riso e indivia,0
taralli,0
koldil chicken,0
filetti di baccala,0
spaghetti aglio olio e peperoncino,0
nocciolini di canzo,0
chicken shwarma,0
chingri bhape,0
ficattola,0
ciabusco,0
pesce a scabecciu,0
mek bqad,0
san gimignano,0
valdobbiadene,0
gyro,0
spanakopita,0
kinnathappam,0
sfogliatelle,0
banana tiramisu,0
dal bhatti,0
ghooghra,0
presnitz,0
sichuan hotpot,0
saltimbocca alla romana,0
colomba pasquale,0
gluten free pizza,0
kanafeh,0
salame,0
el hefe,0
prosciutto figs,0
shrimp lentil,0
cocoa powder,0
tortilla soup,0
chicken shawarma,0
pecorino romano,0
impanata di pesce spada,0
haq maas,0
laapsi,0
chakodi,0
beach house,0
aglianico del taburno,0
rice salad,0
kachori,0
pecorino friulano,0
tiramisu banana,0
risotto alla milanese or risotto with saffron,0
ghebar or ghevar,0
kuzhambu,0
artichokes,0
shrikhand,0
masor tenga,0
burrata,0
semifreddo,0
muri naaru,0
ragu alla salsiccia,0
with or without tomato.,0
sohan papdi,0
kombdi vade,0
rag√π alla salsiccia,0
ricotta sausage,0
cotoletta alla milanese,0
amriti with rabdi,0
formai de mut dell'alta valle brembana,0
crauti,0
shahi paneer,0
palak daal,0
crauti sauerkraut,0
bag of tortilla chips,0
keri no ras,0
pizza express,0
black and green olives,0
montescudaio,0
cozze ripiene,0
ghugni,0
lai haq maas,0
standard italian,0
gulash,0
singhada halwa,0
bitto,0
tagliatelle al rag√π,0
chhenapoda,0
cuban sandwich,0
conchiglie,0
casatiello,0
hand made corn tortillas,0
ciabusco ciabusco,0
murukku,0
olive bread,0
putizza and pinza,0
caponata,0
shrimp enchiladas,0
boreto,0
chicken pasta,0
flatbread pizza,0
val di chiana,0
triple sec,0
sous vide,0
orata arrosto,0
risotto alla milanese,0
octopus grilled,0
agnolotti,0
golden raisins,0
grissini torinesi,0
pandoro,0
zuppa di pesce,0
sogliole alla mugnaia,0
offelle,0
chana masala,0
olives entrees,0
panettone,0
parma ham,0
squash tortelli,0
pestat,0
ciaccino,0
cholafali,0
belly dancing,0
cozze alla tarantina,0
tex mex,0
tigella,0
ditalini,0
stuffed food,0
belly dancer,0
nero d'avola,0
baingan bharta,0
chicago style pizza,0
panzarotti,0
pitigliano,0
trippa,0
rigatoni con la pajata,0
liptauer,0
ricotta ravioli,0
fig flatbread,0
pasta e fagioli,0
scallops risotto,0
kofta,0
steak florentine,0
colli tortonesi,0
mahi mahi fish,0
persian stew,0
filetti di orata al cartoccio,0
kali dal,0
aloo shimla mirch,0
daal dhokli,0
boscaiola,0
shrimp fra diavolo,0
chevdo,0
soave,0
totano imbottito,0
fonduta,0
falafel wrap,0
mushrooms pizza,0
prosciutto flatbread,0
manda pitha,0
soup tomato,0
pansotti,0
aglio,0
mushrooms and sausages,0
pani tenga,0
lula shish,0
and grape juice[9],0
sauce tzatziki,0
pansotti alla genovese,0
dessert wine,0
murgh musallam,0
pollo alla cacciatora,0
carpaccio di pesce,0
cured pork jowl,0
modak,0
lonza,0
pantua,0
irish bar,0
bistecca fiorentina,0
tonno sottolio,0
dhokla,0
murazzano,0
peperoncino,0
demi glace,0
