rice,15613
chicken,11156
beef,6268
chinese food,5542
pork,5138
shrimp,4715
fried rice,4290
oca,3975
meat,3362
salt,2478
asti,2456
dim sum,2389
buffet,2157
egg roll,1959
wonton,1890
dumplings,1703
orange chicken,1691
seafood,1404
broccoli,1370
garlic,1351
tuna,1230
noodle soup,1227
mongolian beef,1176
panda express,1144
onion,1093
bra,1073
beans,1032
spring roll,1008
chow mein,970
mushroom,945
toma,876
hot and sour soup,825
asino,798
honey,792
lo mein,790
the orange chicken,755
cheese,744
cookie,719
pf chang,718
soy sauce,714
lemon,709
wonton soup,690
hong kong,676
gur,674
fast food,652
kung pao chicken,652
nuts,643
dal,641
black bean,631
lobster,624
steak,623
mushrooms,612
won ton,592
white rice,581
sesame chicken,540
salt and pepper,527
rice noodle,490
chinese buffet,488
brown rice,483
ice cream,481
strip mall,448
deep fried,443
pork chop,417
green bean,415
lamb,409
fried chicken,406
calamari,404
pork belly,402
green onion,398
chicken fried,394
chicken wings,386
cucumber,381
sea bass,373
green beans,366
hot pot,362
menta,347
pici,338
dipping sauce,336
ada,328
rice noodles,320
fortune cookie,316
peas,315
cream cheese,314
general tso's chicken,311
dried,310
sandwich,309
garlic sauce,305
squid,300
salmon,295
iced tea,286
basil,282
chile,282
stir fry,280
beef chow fun,273
peking duck,268
honey walnut,267
sweet and sour pork,262
roti,260
steamed rice,258
chili sauce,257
pizza,257
san francisco,256
bok choy,256
black beans,255
egg foo young,254
chinese cuisine,253
sage,251
green tea,250
asian cuisine,238
pork chops,235
sticky rice,234
credit card,229
stir fried,229
congee,224
sweet and sour sauce,222
wonton noodle,220
cashew chicken,216
black pepper,213
main course,212
burrito,206
mexican food,205
spare ribs,203
sushi samba,194
bay area,192
short rib,187
green onions,182
riso,181
spinach,181
brown sauce,179
hot sauce,178
dimsum,177
sushi rolls,177
tripe,176
comfort food,174
americanized chinese food,173
vermicelli,170
bell pepper,169
potatoes,168
filet,163
tom yum,162
oyster sauce,162
fish tank,155
bacon,154
pita,152
bean curd,152
salsa,138
food court,137
peanut sauce,135
jade chicken,134
great wall,133
mint,128
mu shu,128
gold coast,128
pears,126
shaved ice,125
los angeles,124
xo sauce,121
food poisoning,121
miso soup,117
condensed milk,114
rice cake,114
asparagus,112
language barrier,111
standard chinese,110
fried egg,110
guacamole,107
meatball,105
bell peppers,104
kobe beef,102
char siu,100
with black bean sauce,98
mele,98
pepper steak,96
gluten free,95
chili pepper,95
fish ball,93
hoisin sauce,93
california roll,92
chicken rice,91
green pepper,91
pere,90
mapo tofu,89
fried fish,88
chop suey,88
fish sauce,88
red pepper,85
mandalay bay,82
red chili,80
fruits,80
pork ribs,78
coconut milk,78
sesame seed,77
of garlic,77
date night,76
mussels,76
truffle,75
pasta,74
salad bar,73
general chicken,73
shark fin,73
jasmine tea,72
zucchini,72
soy milk,71
sweet potato,71
beef broccoli,69
duck sauce,66
chicken soup,65
spaghetti,65
credit cards,65
lo mien,63
filet mignon,62
japanese food,61
refried beans,61
sesame seeds,60
planet hollywood,59
soft drink,58
strawberries,57
roti canai,57
braised pork,57
taco bell,56
almond chicken,56
chips and salsa,55
octopus,55
chinese sausage,54
prime rib,54
sesame oil,54
napa cabbage,53
frog legs,53
southern california,52
chocolate cake,52
san gabriel,51
peanut butter,51
saving grace,51
ribeye,51
great taste,50
mixed vegetable,50
monte carlo,50
the stir fry,49
monday night,49
cash register,48
mu shu pork,47
twice cooked pork,47
bobo brazil,47
french fries,47
sin city,46
diet coke,45
beef tenderloin,45
hot n sour soup,45
food truck,45
margaritas,44
foie gras,44
chicken skewer,43
red rice,42
egg white,42
las vegas strip,42
olive,41
corn starch,41
red peppers,40
acqui,40
guy fieri,39
bitter melon,39
vada,38
monterey park,38
hot dog,38
sunday brunch,37
soft drinks,37
neo tokyo,37
mashed potato,36
thai curry,36
king crab,36
sweet soy,36
lazy susan,35
shrimp paste,35
jasmine rice,35
soft serve,35
san gabriel valley,35
the dimsum,35
chinese american,35
bachelorette party,34
bubble tea,34
white sauce,34
street food,34
apples,34
tsao's chicken,33
shark fin soup,33
elba,33
mashed potatoes,33
orange county,33
lard,32
rice paper,32
new york style chinese,32
guilty pleasure,31
beef rice,31
creme brule,30
passion fruit,30
chorizo,30
food allergies,30
sea salt,30
carnitas tacos,29
beef tongue,29
light rail,29
double check,29
tap water,29
cantonese cuisine,29
litti,29
fondue,28
soda fountain,28
pork chop rice,28
fried dough,27
mai tai,27
casa grande,27
ravioli,27
lotus root,27
creme brulee,27
downtown phoenix,27
christmas eve,27
onion rings,27
red onion,27
fountain hills,27
bone marrow,27
star anise,26
scrambled eggs,25
dungeness crab,25
dive bar,25
dumplings the,25
chocolate mousse,25
hash browns,25
cantonese restaurant,25
chinese noodles,25
iceberg lettuce,25
pulled pork,24
chinese chicken salad,24
deep fried shrimp,24
shrimp soup,24
penda,24
salad dressing,24
debit card,23
coconut chicken,23
red wine,23
hard rock,23
goose,23
dried shrimp,23
food chain,23
wonton strips,22
chinese culture,22
oolong tea,22
duck soup,22
air conditioning,22
san francisco bay,22
queen creek,22
malaysian cuisine,21
prix fixe,21
tomato sauce,21
glutinous rice,21
rush hour,21
pastor,21
sugar cane,21
home run,20
winter melon,20
pickles,20
white pepper,20
vanilla ice,20
chocolate chip,20
veal,20
chen wok,19
linguine,19
mexican cuisine,19
frozen food,19
al pastor,18
tourist trap,18
mixed drink,18
hockey puck,18
powdered sugar,18
boba milk,18
thai cuisine,18
white wine,18
alba,17
vanilla ice cream,17
corn tortilla,17
lobster tail,17
the mongolian beef and the,17
key lime,17
cheesecake factory,17
pork blood,17
long island,16
banana leaf,16
food critic,16
sun prairie,16
fast casual,16
eggplants,16
carrot cake,16
french toast,16
olive garden,16
century egg,16
hot plate,16
lamb chops,15
melted cheese,15
red snapper,15
eggs benedict,15
macaroni,15
tiramisu,15
fresh air,15
hainanese chicken rice,15
bottled water,15
rock hard,15
kabob,14
french bread,14
mgm grand,14
pizza hut,14
puri,14
gelato,14
white chocolate,14
clay pots,14
fruit salad,14
sweet corn,14
identity crisis,14
enchilada,14
mozzarella,14
carne,14
shopping mall,13
style dim,13
apple pie,13
whipped cream,13
asian american,13
red bean soup,13
small salad,13
beans and rice,13
fine dining restaurant,13
the fried rice and the,13
parmesan,12
regular noodles,12
sun city,12
pesto,12
cherry blossom,12
cheddar cheese,12
rocket,12
blood orange,12
bachelor party,12
green salad,12
poached egg,12
the chicken skewer,12
ginger beef,12
dandan noodles,12
hot dogs,12
united states,12
family owned business,12
the refried beans,12
security guard,11
flank steak,11
kabobs,11
won ton and,11
kick ass,11
pine nuts,11
pork and veggies,11
celebrity chef,11
bloody mary,11
baked potato,11
mole sauce,11
parsley,11
roast beef,11
low carb,11
red velvet cake,10
oregano,10
cast iron,10
deer valley,10
flat bread,10
lake mead,10
sour cream,10
the beef rice,10
amarone,10
enchiladas,10
jerk fried rice and black,10
pinni,10
waiting staff,10
yui shan,10
penne,9
coca cola,9
the gai lan,9
more frequently,9
hard boiled egg,9
ground beef,9
romaine lettuce,9
spring training,9
home depot,9
lazy sunday,9
camaron,9
house music,9
self service,9
olives,9
golden nugget,9
fast food chain,9
sardine,9
sausages,9
inferno,9
snails,8
xiaolongbao,8
khar,8
smoked salmon,8
wolfgang puck,8
spinach salad,8
birthday girl,8
high roller,8
tuna tartare,8
chili powder,8
egg yolk,8
gordon ramsay,8
crispy kau,8
potato chip,8
cauliflower,8
apache junction,8
skirt steak,8
carne asada,8
lasagna,8
beef carpaccio,8
punch card,8
cave creek,8
bari,8
grilled octopus,7
anchovies,7
cirque du soleil,7
buffalo wings,7
mahi mahi,7
arugula,7
fettuccine,7
pepperoni,7
panna cotta,7
dim sim,7
cuttlefish,7
del taco,7
naan,7
desert inn,7
frida kahlo,7
cotton candy,7
movie theater,7
pot roast,6
heart attack,6
clam chowder,6
samosa,6
health food,6
spicy salsa,6
chocolate syrup,6
circus circus,6
half chicken,6
momo,6
buddha's delight,6
lemon juice,6
gazpacho,6
rice pudding,6
chicken breasts,6
spanish rice,6
caesar salad,6
tortilla chips,6
provolone,6
cong you bing,6
meat tender,5
absolutely fabulous,5
bow tie,5
white bread,5
indian cuisine,5
customer experience,5
fine print,5
grilled vegetables,5
freshly squeezed,5
hot chocolate,5
garden salad,5
corn dog,5
service oriented,5
risotto,5
alici,5
timo,5
brussels sprout,5
diners drive ins and dives,5
duck confit,5
junk food,5
fennel,5
blue cheese,5
youtiao,5
key lime pie,5
deep fried fish,5
pork loin,5
in n out,5
ginger ale,5
finger food,5
die hard,5
tea egg,5
hip hop,5
cottage cheese,5
root beer,5
sweet pea,5
speck,4
italian sausage,4
baba,4
english muffin,4
kebab,4
potato chips,4
god forbid,4
super bowl,4
mantou,4
assembly line,4
rice chicken,4
cream pie,4
baozi,4
goat cheese,4
arnold palmer,4
smoked ham,4
classic rock,4
shangri la,4
big night,4
swap meet,4
free range,4
lamb tender,4
stained glass,4
small tacos,4
canadian bacon,4
pinot noir,4
chocolate glaze,4
vindaloo,4
jiaozi,4
tomato soup,4
love happy,4
grilled lamb,4
puffed rice,4
cream dessert,4
idli,4
braised abalone,3
strudel,3
mac and cheese,3
mad men,3
kitchen sink,3
balsamic vinegar,3
and a lemon,3
water feature,3
crispy kau chee,3
black rice,3
pita jungle,3
flautas,3
grilled tomato,3
south asian,3
corned beef,3
growing pains,3
sea scallops,3
white mushrooms,3
valet parking,3
butter chicken,3
bread pudding,3
tin foil,3
bread crumbs,3
steak medium,3
potato salad,3
lactose intolerant,3
yui shan chicken,3
dress code,3
van buren,2
milk chocolate,2
ice cream sandwich,2
sauvignon blanc,2
lobster bisque,2
slow food,2
sweet roll,2
shish kabob,2
south india,2
cool spot,2
upma,2
olive tapenade,2
grand marnier,2
bowl of salsa,2
shiro,2
falafel,2
breadsticks,2
butternut squash,2
california pizza kitchen,2
cornish hen,2
golden corral,2
ossobuco,2
santa monica,2
pita bread,2
frou frou,2
rosetta,2
ricotta,2
shaobing,2
peter piper,2
graham cracker,2
el pollo loco,2
trotte,2
red bull,2
middle east,2
mascarpone,2
salami,2
fish fry,2
patra,2
bridal shower,2
game hen,2
white trash,2
great white,2
prosecco,2
taco has,2
steak and chicken,2
paradise valley,2
art deco,2
salisbury steak,2
peda,2
rosemary,2
chicken fajitas,2
frank sinatra,2
flip flops,2
amuse bouche,2
granita,2
chicken fried steak,2
gobi manchurian,1
rock candy,1
garlic dip,1
pea puree,1
lardo,1
chick fil a,1
american cheese,1
clam sauce,1
thyme,1
wine tasting,1
lentil soup,1
zongzi,1
carbonara,1
ritz carlton,1
caramelized onions,1
profiterole,1
mole chicken,1
mexico city,1
rigatoni,1
caprese,1
truffle roasted,1
malga,1
basmati rice,1
and pickles,1
white cut chicken,1
lamian,1
mexican flag,1
baby food,1
grand canal,1
bay leaves,1
sierra nevada,1
designated driver,1
dried fruit,1
humble pie,1
soy egg,1
mint tea,1
huevos rancheros,1
calzone,1
their garlic sauce,1
cheese pie,1
strawberry shortcake,1
stir frying,1
emeril lagasse,1
carne asada tacos,1
lentils,1
gavi,1
goulash,1
lamb shank,1
pound cake,1
chef boyardee,1
panino,1
kanji,1
ghari,1
short rib tacos,1
sopa,1
wedding cake,1
home fries,1
frutti,1
biryani,1
swordfish,1
porcini mushrooms,1
march madness,1
chickpeas,1
tater tots,1
business casual,1
olive oil,1
couscous,1
sauerkraut,1
guotie,1
south indian,1
tomatoes and onions,1
thai chinese,1
sammy hagar,1
guanciale,1
polenta,1
molecular gastronomy,1
lamb rice,1
brown butter,1
bone in ribeye,1
ciabatta,1
pappardelle,1
sea urchin,1
greek food,1
halo halo,1
middle eastern,1
bolognese sauce,1
kool aid,1
chicken garlic,1
gnocchi,1
wine cooler,1
marinara sauce,1
angel wings,1
capers,1
chicken kabob,1
veggie burger,1
barfi,1
bruschetta,1
chick peas,1
mexican street tacos,1
lasagne,1
pale ale,1
wild rice,1
mexican american,1
sports game,1
yogurt dip,1
bisi bele bath,0
margherita pizza,0
carbonara spaghetti,0
olive green,0
pani puri,0
amatriciana,0
abbacchio brodettato,0
cannelloni,0
kabob beef,0
shankarpali,0
samose,0
machher jhol,0
tonno sott'olio,0
rat pack,0
moroccan tea,0
meat gyro,0
horioh maas,0
aloo ki tikki,0
la scala,0
stigghiola,0
sour cream and guacamole,0
keerai sadam,0
nandu omelette,0
keerai poriyal,0
the indian sampler,0
curried braised rabbit stew,0
marzolino,0
botargo,0
gatta curry,0
chitranna,0
fragole,0
kesar petha,0
trofie al sugo di noci,0
spaghetti alla chitarra,0
charred eggplant,0
pizza margherita,0
merguez,0
kumol sawul,0
refosco dal peduncolo rosso,0
braciole,0
of the hummus,0
aloo paratha,0
shondesh,0
risotto ai gamberoni,0
masala puri,0
pub crawl,0
bhakri,0
tandoori chicken,0
filetti di baccal�,0
panipuri,0
cake chocolate,0
leaves stuffed,0
feta fries,0
kulcha,0
seppioline in umido,0
valle di arbia,0
calamaretti fritti,0
dudhi no halwo,0
ricotta affumicata,0
neer dosa,0
falafel pita,0
moroccan pastry,0
thengai sadam,0
baccala,0
bharwein karela,0
risotto con la lüganega,0
cipolla,0
acquadella o latterino fritto,0
ghever,0
dum aloo,0
olive spread,0
litti chokha,0
methi saag,0
tartare tuna,0
grancevola alla veneziana,0
sarde a beccafico,0
montasio,0
formadi frânt e formadi salat,0
bharwaan baigan,0
gobhi paratha,0
ravioli butternut,0
bajri no rotlo,0
latteria,0
tumazzu,0
jose cuervo,0
biga,0
gattinara,0
salad feta,0
risotto allo zafferano con petto danatra,0
piacentinu,0
taj mahal,0
anguilla marinata,0
violino valtell,0
pizza romana,0
basil butter,0
asiago,0
funghi,0
khichdi,0
mutton biryani,0
copra paak,0
sev mamra,0
great dane,0
greek yogurt labneh,0
dean martin,0
cash money,0
rasmalai,0
ros omelette,0
rice koobideh,0
chapathi,0
kabob lula,0
acciughe fritte in pastella,0
slattato,0
baccalà alla vicentina,0
canestrato pugliese,0
bajji,0
coda alla vaccinara,0
biscotti,0
mushroom matar,0
tortilla flat,0
agghiotta di lumache,0
the chicken kabob was,0
dosa,0
beef ground,0
rigatoni al forno con salsa aurora,0
sciusceddu,0
tagliatelle ai carciofi,0
malloreddus,0
katha meetha petha,0
pakhala,0
spaghetti all' aglio,0
mathura ke pede,0
poriyal,0
ai frutti di mare,0
monte veronese,0
pestât,0
primo sale,0
benne dosa,0
strucoli or strudel,0
moddizzosu,0
spumante brut,0
vadai,0
pizza ai quattro formaggi,0
strozzapreti,0
tahini spread,0
dabeli,0
glazed chicken lavosh pizza,0
sauce garlic,0
michetta,0
tazzelenghe,0
tandoor bread,0
hospitality industry,0
rose water,0
chhenagaja,0
punugulu,0
bucatini,0
kaara kozhambu,0
patate e cozze,0
kori rotti,0
rice meat,0
hummus pita,0
caciocavallo,0
bonda,0
carema riserva,0
table wine,0
peperoni,0
chongqing specify deep-fried chicken,0
fusilli,0
tiramisù,0
alambre,0
cevapcici,0
bhelpuri,0
calamari in zimino,0
gyro greek,0
pane carasau,0
pinzimonio,0
carpaccio beef,0
sardele in saor,0
el paso,0
tortelloni alla zucca,0
south indian cuisine,0
cassata siciliana,0
kuzhakkattai,0
basundi,0
colli etruria centrale,0
testarolo,0
dum aaloo,0
goulash or gulash,0
double ka meetha,0
melanzane,0
rajma,0
namkeen,0
risotto with saffron,0
nipozzano,0
vezione verro,0
baccala fritto,0
papri chaat,0
pane di genzano,0
pattor,0
prosciutto crudo,0
sarde con origano e pane,0
risotto al cavolfiore,0
gubana,0
basil onion,0
malpua,0
koottu,0
montalcino,0
air-dried salted beef,0
wheat upma,0
olives tapenade,0
lilva kachori,0
basilico,0
tzatziki sauce,0
sformato al basilico,0
cappellini,0
bagna cauda,0
carciofi,0
vegetable jalfrezi,0
zoes feta,0
extra virgin olive oil,0
carpaccio polenta,0
paneer butter masala,0
agghiotta di pesce spada,0
scampi lentil,0
torta caprese,0
sabudana khichadi,0
tiella di riso, patate e cozze,0
wine bottle,0
pizza quattro formaggi,0
spinaci,0
fruit preserves made with vinegar,0
cacciatore,0
eliche,0
rongi,0
pizza quattro stagioni,0
tagliatelle al pomodoro,0
alici marinate,0
chaat,0
chili parotha,0
missultin e polenta,0
karela bharta,0
muffuletta,0
mishti chholar dal,0
tomatoes onions,0
torgiano,0
formai de mut dellalta valle brembana,0
poha,0
mushroom do pyaza,0
chiacchiere,0
sev khamani,0
paneer tikka,0
stracchino,0
ricotta rifatta,0
hummus dip,0
konir dom,0
strangozzi,0
parmigiano reggiano,0
dulce de leche shake,0
pizza with mushroom and sausage,0
casu modde,0
perciatelli,0
gheela pitha,0
mother india,0
truffle cheese,0
truffle mashed,0
cappelletti,0
castelmagno,0
biscuit tortoni,0
oltrepò pavese,0
insalata caprese,0
sarson da saag,0
solopaca,0
falafel hummus,0
murena fritta,0
puli sadam,0
ragi mudhe,0
penne all arrabbiata,0
agliata,0
pea pureesweet,0
fried small mozzarellas,0
medicine man,0
chole bhatura,0
emmer,0
pizza siciliana,0
butternut tortelli,0
soppressata,0
formadi frânt e formadi salât,0
sardine marinate,0
baba ganoush,0
barolo,0
ennai kathirikkai,0
ponganalu,0
baccal�,0
trofie,0
calamintha nepeta,0
val di cornia,0
akki rotti,0
salted cod,0
the chicken shawarma,0
bardolino,0
piselli,0
molasses bbq,0
moroccan couscous,0
gavvalu,0
braised pork shoulder,0
sarde grigliate,0
varuval,0
goja,0
bucatini all'amatriciana,0
mozzarella and onions,0
cable car,0
herbed feta dip,0
rice basmati,0
bolgheri,0
pane di altamura,0
pindi chana,0
strascinati,0
pasta al pesto,0
capicollo,0
prezzemolo,0
service stars,0
negroamaro,0
asparagi,0
juvar no rotlo,0
pav bhaji,0
chicory,0
aappam,0
focaccia,0
paglia e fieno,0
paccheri,0
struffoli,0
bilahi maas,0
filet koobideh,0
steak tartare,0
minestra di ceci,0
hummus plate,0
grumello,0
marille,0
bresaola,0
azteca soup,0
sakkara pongal,0
involtini di pesce,0
undhiyu,0
risotto alla marinara,0
currivepillai sadam,0
chikkolee,0
scallops sea,0
dobos of trieste,0
italian margarita,0
makka poha,0
asparagi bianchi e verdi,0
puzzone di moena,0
mortadella,0
lacryma cristi,0
tzatziki,0
culatello,0
acqua pazza,0
casecc,0
paratha,0
mirchi bajji,0
kesari,0
appam,0
tagliatelle ai funghi,0
tagliarini,0
payasam,0
fettucine alfredo,0
monte re,0
cotechino friulano or muset,0
crop circle,0
hors d'oeuvres,0
saffron rice,0
cannelloni ai carciofi,0
tortano,0
green chile sauce,0
anguilla,0
buccellato,0
fragguno,0
tikona,0
amritsari fish,0
strolghino,0
ziti,0
the polenta,0
french bean aloo,0
bread tapenade,0
lenticchie,0
crab beignets,0
pakwan,0
tenga doi,0
wheat pita,0
risotto allo zafferano con petto d'anatra,0
pathiri,0
salad lettuce,0
luchi,0
nebbiolo,0
puran poli,0
riso tonnato,0
chingri malai curry,0
prosciutto affumicato,0
tapenade bread,0
falerno del massico,0
mysore pak,0
rye bread,0
trebbiano,0
musèt,0
dolma,0
sugo al pomodoro,0
bhatoora,0
friulano,0
montepulciano d'abruzzo,0
olives carpaccio,0
dal makhani,0
mason jar,0
chimichanga,0
aloo matar,0
pesce spada,0
risotto di seppie alla veneziana,0
prosciutto flat,0
spaghetti al nero di seppia,0
la bamba,0
orvieto,0
speck friulano,0
pepata di cozze,0
prickly pear,0
prosciutto di parma,0
gajar matar aloo,0
crespelle,0
rasya muthia,0
trenette,0
campi flegrei,0
mooncake,0
mentuccia,0
eggplant dip,0
jalebi,0
home made chips,0
prosciutto cotto,0
koshambri,0
boreto alla graisana,0
risotto indivia e fiori di zucca,0
octopus chickpeas,0
rosso di montefalco,0
banana chips,0
peperonata,0
kos kootu,0
big star,0
gajar halwo,0
minestra di fagioli,0
la favorita,0
the chicken shawarma and,0
mediterranean cuisine,0
middle eastern cuisine,0
ricotta salata,0
jeera aloo,0
fagioli,0
sunga pork,0
sooji halwa,0
puri bhaji,0
new york style pizza,0
schiopettino,0
olive and anchovy,0
lemon basil shrimp and pasta,0
pane rustico,0
maltagliati,0
khakhra,0
bora sawul,0
tacos al pastor,0
italian cuisine,0
tom colicchio,0
aloo baingan,0
stella artois,0
amritsari kulcha,0
linguine with clam sauce,0
acquadella fritta,0
cetrioli,0
fiano di avellino,0
chorafali,0
ovada,0
rosmarino,0
festoni,0
brie and apple,0
crocche,0
prosciutto e melone,0
masor petu,0
figs prosciutto,0
alloro,0
cicoria,0
pressed beef cartilage seasoned with onions,0
cookie dessert,0
bucatini coi funghi,0
ilish bhape,0
ciarduna,0
rosgulla,0
albana,0
ragu alla bolognese,0
crotonese,0
mario batali,0
half baked,0
vin santo,0
fritto misto di pesce,0
maddur vada,0
olives pita,0
triglie alla livornese,0
flatbread olives,0
tapenade green,0
risotto al gorgonzola,0
gorgonzola,0
keerai kootu,0
schiacciata,0
risotto alla sbirraglia,0
tajine,0
gila bend,0
risotto saltato,0
mangalore bajji,0
cacciucco,0
scuete fumade,0
fritata di bianchetti,0
tacconi,0
baccala alla vicentina,0
goli bajje,0
maccheroni,0
hurum,0
ragù alla bolognese,0
grechetto,0
sunga pitha,0
risotto ai quattro sapori,0
tortelloni ricotta and spinach,0
prosciutto,0
warm pita bread,0
insalata di riso,0
tortellini,0
vitello,0
scampi a zuppetta,0
dongpo braised pork,0
doodhpak,0
ciriola,0
e fagioli,0
speck friulano di sauris,0
patatas bravas,0
bel paese,0
nasello al forno,0
olives dish,0
pinoli,0
misi roti,0
casècc,0
valpolicella,0
dogfish shark,0
pignolo,0
klotznnudl,0
pita feta,0
leche shake,0
coppia ferrarese,0
speck alto adige,0
pesce spada arrosto in salmoriglio,0
sabzi,0
newport beach,0
sarde ripiene,0
bhoonja,0
rucola,0
upmaa,0
mohanthal,0
payokh,0
tagliatelle,0
bikaneri bhujia,0
grignolino,0
macedonia,0
loskora,0
tartufo,0
fruit with pastry,0
nervetti,0
anisette,0
panjeeri,0
pomodori col riso,0
marinated eel,0
four cheese pizza,0
luna rossa,0
monferrato,0
cheera doi,0
pizza delivery,0
palak paneer,0
bozza pratese,0
garganelli,0
sukhdi,0
arbi masala,0
gyros,0
pezzetti di cavallo,0
sheermal,0
trofie al pesto,0
pane pugliese,0
ajo blanco,0
crocchè,0
tiella di riso patate e cozze,0
spaghetti con la bottarga,0
abbacchio alla cacciatora,0
burger truffle,0
greco di tufo,0
persian rice,0
fontina,0
pastiera,0
rice lamb,0
pancetta,0
pollo supremo,0
food kabobs,0
pashti,0
koldil duck,0
patate,0
kabob rice,0
squash pasta,0
rosemary and onion focaccia,0
scansano,0
buridda,0
salsiccia,0
mamma mia,0
paruppu sadam,0
ragi rotti,0
trebbiano d'abruzzo,0
pakora,0
crostui,0
ragusano,0
namakpara,0
bombil fry,0
sarva pindi,0
kheer,0
marsala,0
kati roll,0
baba ghanouj,0
vino nobile di montepulciano,0
kulfi falooda,0
peperoni imbottiti,0
baba ghanoush,0
small fruits,0
methi na gota,0
spiedini di anguilla,0
navrattan korma,0
paneer tikka masala,0
carne al piatto,0
coq au vin,0
pani pitha,0
gyro fries,0
maasor tenga,0
sangiovese,0
house made mozzarella,0
zucchine,0
pooran-poli,0
jolada rotti,0
filatieddi,0
olive tree,0
vada pav,0
casiello,0
pane toscano,0
crostoli, crostui,0
latterino fritto,0
blind pig,0
sev tameta,0
sanna,0
squash ravioli,0
batata vada,0
cut mirchi bajji,0
skee ball,0
uppittu,0
focaccia al rosmarino,0
risotto mushroom,0
giuncata,0
minestra di pasta con pesce,0
frutti di bosco,0
pizza capricciosa,0
deep dish,0
stoccafisso alla ligure,0
bread onion,0
gorgonzola pizza,0
dhebra,0
alu pitika,0
sausage ricotta,0
sakinalu,0
polpettine di mare,0
without salt,0
photo booth,0
stuffed pizza,0
chicken tikka,0
nocce,0
alici sardine anguilla marinate,0
cannelloni al ragu,0
coffee bean,0
pollo asada,0
phulka,0
squid octopus,0
kansar,0
sbroscia bolsenese,0
chapati,0
cappon magro,0
gobhi matar,0
vegetable biryani,0
florentine beefsteak,0
pongal,0
custoza,0
amti,0
snow fungus soup,0
sutarfeni,0
mishti doi,0
donna fugata,0
beer bar,0
bagna càuda,0
pohe,0
carnitas bowl,0
linguini with clam sauce,0
pinzillacchere,0
gajar ka halwa,0
rumali roti,0
flat breads,0
cream pistachios,0
olio e peperoncino,0
aceto dolce,0
artichokes and anchovy pizza,0
laddu,0
bengena pitika,0
kalathappam,0
aceto balsamico,0
makki di roti,0
pizza alla napoletana,0
baccalà fritto,0
crocetta of caltanissetta,0
cozze fritte alla viareggina,0
dal fry with tadka,0
royal beef,0
sachima,0
marrubini,0
limone,0
grilled halloumi,0
octopus squid,0
colli apuani,0
acquacotta,0
englishs olives,0
khorisa,0
dessert chocolate,0
tonnarelli,0
panzanella,0
avial,0
ceci,0
cavolfiore,0
finocchio,0
chianti,0
veg kolhapuri,0
bouillabaisse,0
rajma chaval,0
feta salad,0
tagliatelle al sugo di lepre,0
lukhmi,0
butirro,0
fiore sardo,0
squacquerone,0
pizza funghi e salsiccia,0
keerai masiyal,0
lauki ki subji,0
strucchi or struki,0
spaghetti alla puttanesca,0
india gate,0
mozzarelline fritte,0
fasolada,0
spaghetti indiavolati,0
penia,0
aloo baingan masala,0
puttu,0
crostoli,0
pizzoccheri,0
wrap parsley,0
muthiya,0
beef lula,0
cotechino modena,0
khaman,0
gianduiotto and gianduia,0
naked city,0
hari mutter ka nimona,0
spiedini ai frutti di mare,0
utappam,0
trippa alla romana,0
sabudana vada,0
bigoli,0
cartoccio di pesce spada,0
orzo,0
osso buco,0
pizza oregano and garlic,0
pecorino di fossa,0
miele,0
zhajiangmian,0
sajjige,0
chicken razala,0
aloo gobi,0
khandvi,0
pizzelle,0
gulab jamun,0
kadai paneer,0
chakri,0
seppie,0
aam papad,0
tomato and mozzarella pizza,0
sardinian pasta,0
scampi gratinati,0
salsiccia cruda,0
a type of huge ravioli,0
sarde arraganate,0
ginestrata,0
torta bertolina,0
chicken tikka masala,0
carciofi alla romana,0
bhindi masala,0
baati,0
minestrone,0
ligurian pesto,0
hummus falafel,0
burger fries,0
daal puri,0
enchiladas and tacos,0
fries gyro,0
origano,0
ramatori subji,0
butternut tortellini,0
pimenton sauce,0
flatbread prosciutto,0
pollo asado,0
tikka masala,0
borlotti beans,0
pizza ai funghi e salsiccia,0
italian beef,0
mushroom risotto,0
cjarsons,0
farinata,0
obbattu,0
farfalle,0
pecorino sardo,0
stuffed grape,0
risi e bisi,0
pizza marinara,0
neapolitan pizza,0
sassella,0
falafel sandwich,0
gud papdi,0
capesante alla veneziana,0
koshimbir,0
bab�,0
dhup pitha,0
cotoletta alla petroniana,0
brodo,0
frittura mista di pesce,0
valdinievole,0
shrimp saganaki,0
los olivos,0
mount everest,0
daal baati churma,0
rocchetta,0
feta cheese,0
kharoli,0
pesaha appam,0
taurasi,0
cake boss,0
flattened rice,0
franciacorta,0
crostata,0
fra diavolo,0
sloppy joe,0
maccu,0
breads olive,0
pita falafel,0
colline lucchesi,0
risotto con scamorza e champagne,0
kothamali sadam,0
small garden fruits,0
moscardini lessati alla genovese,0
cold pizza,0
idiappam,0
anguilla marinate,0
lumache,0
tomato grilled,0
risotto al barolo,0
pizzette e salatini,0
squid chickpeas,0
mascarpone guanciale mashed potatoes,0
cannolo siciliano,0
risotto alla zucca,0
tonno,0
seppie col nero alla veneziana,0
orate al forno,0
caprino,0
lauki ke kofte,0
aloo tikki,0
brodetto di arselle,0
farro,0
kosambari,0
neccio,0
thayir sadam,0
cream based,0
bharwaan tinde,0
cucumber yogurt,0
carignano,0
mac n' cheese,0
cotechino friulano or musèt,0
panelle di ceci,0
zabaglione,0
bonarda,0
bhajji,0
tapenade olives,0
trottole,0
locha,0
cotechino friulano,0
yogurt cucumber,0
garmugia,0
robiola,0
mosaranna,0
laddoo,0
spaghetti all aglio olio e peperoncino,0
pista petha,0
zuppa inglese,0
bucatini alla sorrentina,0
pignolata,0
pesce al cartoccio,0
palappam,0
burrini,0
kabob ground,0
masor koni,0
crescentina,0
raschera,0
grana padano,0
panforte,0
piccoli frutti,0
greek salad,0
pesarattu,0
til pitha,0
bhatura,0
pootharekulu,0
swiss chard,0
rice kabob,0
yelumincham sadam,0
sweet pethas,0
spaghetti siracusani,0
crescenza,0
riso con i porcini,0
moussaka,0
tiella di riso,0
pitha,0
prosciutto and melon,0
halvasan,0
rogan josh,0
san daniele ham,0
agrodolce,0
watermelon panzanella,0
sattu ki roti,0
bavette,0
stracciatella,0
rava dosa,0
chole bhature,0
poornalu,0
mt everest,0
speck alto adige pgi,0
namak para,0
butter basil,0
cacioricotta,0
branzino al sale,0
ciceri e tria,0
spinach pie,0
shahi tukra,0
stelline,0
chaulai saab,0
mary sue,0
phirni,0
prawn malai curry,0
cooked ham,0
shukto,0
lambrusco,0
alain ducasse,0
papadum,0
butternut ravioli,0
aloo methi,0
sausages including salsiccia cruda,0
bhaji,0
trote,0
jersey shore,0
ou tenga maas,0
italian american,0
valcalepio,0
penne all'arrabbiata,0
riso al nero di seppia,0
riso alla toscana,0
sformato di riso dolce,0
barbera,0
the ground beef,0
pizza mozzarella and anchovy,0
el segundo,0
moong dal ka halwa,0
handwo,0
risotto con agoni,0
capperi,0
ramandolo,0
acciughe in carpione,0
bucatini all amatriciana,0
hummus,0
tagliatelle al ragu,0
pesce alla pizzaiola,0
taleggio,0
tabouli,0
seppie ripiene,0
barg koobideh,0
ribolla gialla,0
capperi and anchovy,0
gnocchi di semolino,0
langhe,0
a greek salad,0
pea mezzaluna,0
prosciutto di san daniele,0
gay bar,0
ciccillo,0
shakarpara,0
lagana,0
gutturnio,0
verdure in pinzimonio,0
porcaloca,0
piadina,0
tabor,0
maria maria,0
tommy bahama,0
marzotica,0
tagliatelle alla boscaiola,0
preserved in vinegar or,0
verduzzo friulano,0
kadhi pakoda,0
monte cristo,0
hazelnut chocolates or spread,0
acciughe,0
asparagi bianchi e verdi asparagus,0
seppie con i piselli,0
pablo picasso,0
pignoletto,0
taftan,0
lazio,0
salvia,0
stuffed calamari in tomato sauce,0
spaghetti alla carbonara,0
italian wine,0
turkish coffee,0
parotta,0
pasta butternut,0
halwakadoo,0
po boy,0
scamorza,0
bucatini coi fungh,0
hulatang,0
sambar,0
thalipeeth,0
conegliano veneto,0
uttapam,0
stoccafisso alla genovese,0
pane casareccio,0
radicchio,0
sagrantino,0
spaghetti alla carrettiera,0
anarsa,0
dahi vada,0
colli euganei,0
riso valdostano,0
sparkling wine,0
magaj,0
pita hummus,0
rice and peas,0
masala dosa,0
chicken shawerma,0
jhal-mu?i,0
pizza pugliese,0
pesce spada alla siciliana,0
saganaki,0
quartirolo,0
cilantro jalape,0
gyro meat,0
carne pizzaiola,0
orecchiette,0
calamari ripieni,0
sarde sfiziose panate,0
sicilian snail soup,0
sevai lunch,0
parrina,0
cannelloni al ragù,0
pizza ai frutti di mare,0
soonvali,0
arancini,0
hando guri,0
olive spreads,0
ed hardy,0
malapua,0
tortiera di cozze,0
indian omelette,0
ariselu,0
sevai,0
carne asada taco's,0
bistecca alla fiorentina,0
pita fries,0
pumpkin cake,0
dahi puri,0
asida,0
spiedini di alici,0
grine sauce,0
crostini,0
riso e indivia,0
taralli,0
koldil chicken,0
filetti di baccala,0
spaghetti aglio olio e peperoncino,0
nocciolini di canzo,0
chicken shwarma,0
chingri bhape,0
ficattola,0
ciabusco,0
pesce a scabecciu,0
mek bqad,0
san gimignano,0
valdobbiadene,0
gyro,0
spanakopita,0
kinnathappam,0
sfogliatelle,0
banana tiramisu,0
dal bhatti,0
ghooghra,0
presnitz,0
sichuan hotpot,0
saltimbocca alla romana,0
colomba pasquale,0
gluten free pizza,0
kanafeh,0
salame,0
el hefe,0
prosciutto figs,0
shrimp lentil,0
cocoa powder,0
tortilla soup,0
chicken shawarma,0
pecorino romano,0
impanata di pesce spada,0
haq maas,0
laapsi,0
chakodi,0
beach house,0
aglianico del taburno,0
rice salad,0
kachori,0
pecorino friulano,0
tiramisu banana,0
risotto alla milanese or risotto with saffron,0
ghebar or ghevar,0
kuzhambu,0
artichokes,0
shrikhand,0
masor tenga,0
burrata,0
semifreddo,0
muri naaru,0
ragu alla salsiccia,0
with or without tomato.,0
sohan papdi,0
kombdi vade,0
ragù alla salsiccia,0
ricotta sausage,0
cotoletta alla milanese,0
amriti with rabdi,0
formai de mut dell'alta valle brembana,0
crauti,0
shahi paneer,0
palak daal,0
crauti sauerkraut,0
bag of tortilla chips,0
keri no ras,0
pizza express,0
black and green olives,0
montescudaio,0
cozze ripiene,0
ghugni,0
lai haq maas,0
standard italian,0
gulash,0
singhada halwa,0
bitto,0
tagliatelle al ragù,0
chhenapoda,0
cuban sandwich,0
conchiglie,0
casatiello,0
hand made corn tortillas,0
ciabusco ciabusco,0
murukku,0
olive bread,0
putizza and pinza,0
caponata,0
shrimp enchiladas,0
boreto,0
chicken pasta,0
flatbread pizza,0
val di chiana,0
triple sec,0
sous vide,0
orata arrosto,0
risotto alla milanese,0
octopus grilled,0
agnolotti,0
golden raisins,0
grissini torinesi,0
pandoro,0
zuppa di pesce,0
sogliole alla mugnaia,0
offelle,0
chana masala,0
olives entrees,0
panettone,0
parma ham,0
squash tortelli,0
pestat,0
ciaccino,0
cholafali,0
belly dancing,0
cozze alla tarantina,0
tex mex,0
tigella,0
ditalini,0
stuffed food,0
belly dancer,0
nero d'avola,0
baingan bharta,0
chicago style pizza,0
panzarotti,0
pitigliano,0
trippa,0
rigatoni con la pajata,0
liptauer,0
ricotta ravioli,0
fig flatbread,0
pasta e fagioli,0
scallops risotto,0
kofta,0
steak florentine,0
colli tortonesi,0
mahi mahi fish,0
persian stew,0
filetti di orata al cartoccio,0
kali dal,0
aloo shimla mirch,0
daal dhokli,0
boscaiola,0
shrimp fra diavolo,0
chevdo,0
soave,0
totano imbottito,0
fonduta,0
falafel wrap,0
mushrooms pizza,0
prosciutto flatbread,0
manda pitha,0
soup tomato,0
pansotti,0
aglio,0
mushrooms and sausages,0
pani tenga,0
lula shish,0
and grape juice[9],0
sauce tzatziki,0
pansotti alla genovese,0
dessert wine,0
murgh musallam,0
pollo alla cacciatora,0
carpaccio di pesce,0
cured pork jowl,0
modak,0
lonza,0
pantua,0
irish bar,0
bistecca fiorentina,0
tonno sottolio,0
dhokla,0
murazzano,0
peperoncino,0
demi glace,0
